function_name,duration,time_stamp
cudnnCreate,0,2019-06-04T06:44:33.305301Z
cudnnSetStream,2323000000000,2019-06-04T06:44:33.307624Z
cudnnCreate,80000000000,2019-06-04T06:44:33.307704Z
cudnnSetStream,1216000000000,2019-06-04T06:44:33.30892Z
cudnnCreateTensorDescriptor,188883000000000,2019-06-04T06:44:33.497803Z
cudnnCreateTensorDescriptor,67000000000,2019-06-04T06:44:33.49787Z
cudnnCreateTensorDescriptor,21000000000,2019-06-04T06:44:33.497891Z
cudnnCreateFilterDescriptor,17000000000,2019-06-04T06:44:33.497908Z
cudnnCreateConvolutionDescriptor,16000000000,2019-06-04T06:44:33.497924Z
cudnnCreateConvolutionDescriptor,17000000000,2019-06-04T06:44:33.497941Z
cudnnCreateConvolutionDescriptor,16000000000,2019-06-04T06:44:33.497957Z
cudnnSetConvolution2dDescriptor,44000000000,2019-06-04T06:44:33.498001Z
cudnnSetConvolutionNdDescriptor,33000000000,2019-06-04T06:44:33.498034Z
cudnnSetConvolution2dDescriptor,25000000000,2019-06-04T06:44:33.498059Z
cudnnSetConvolutionNdDescriptor,24000000000,2019-06-04T06:44:33.498083Z
cudnnSetConvolution2dDescriptor,40000000000,2019-06-04T06:44:33.498123Z
cudnnSetConvolutionNdDescriptor,24000000000,2019-06-04T06:44:33.498147Z
cudnnSetFilter4dDescriptor,26000000000,2019-06-04T06:44:33.498173Z
cudnnSetFilterNdDescriptor,23000000000,2019-06-04T06:44:33.498196Z
cudnnSetConvolutionMathType,43000000000,2019-06-04T06:44:33.498239Z
cudnnSetConvolutionMathType,19000000000,2019-06-04T06:44:33.498258Z
cudnnSetConvolutionMathType,17000000000,2019-06-04T06:44:33.498275Z
cudnnSetConvolutionGroupCount,17000000000,2019-06-04T06:44:33.498292Z
cudnnSetConvolutionGroupCount,16000000000,2019-06-04T06:44:33.498308Z
cudnnSetConvolutionGroupCount,17000000000,2019-06-04T06:44:33.498325Z
cudnnSetTensorNdDescriptor,23000000000,2019-06-04T06:44:33.498348Z
cudnnSetTensorNdDescriptor,25000000000,2019-06-04T06:44:33.498373Z
cudnnSetTensorNdDescriptor,29000000000,2019-06-04T06:44:33.498402Z
cudnnGetConvolutionForwardAlgorithmMaxCount,44000000000,2019-06-04T06:44:33.498446Z
cudnnGetConvolutionForwardAlgorithm_v7,50000000000,2019-06-04T06:44:33.498496Z
cudnnGetConvolutionForwardAlgorithmMaxCount,30000000000,2019-06-04T06:44:33.498526Z
cudnnGetConvolutionBackwardFilterAlgorithmMaxCount,550000000000,2019-06-04T06:44:33.499076Z
cudnnGetConvolutionBackwardFilterAlgorithm_v7,57000000000,2019-06-04T06:44:33.499133Z
cudnnGetConvolutionBackwardFilterAlgorithmMaxCount,33000000000,2019-06-04T06:44:33.499166Z
cudnnGetConvolutionBackwardDataAlgorithmMaxCount,56000000000,2019-06-04T06:44:33.499222Z
cudnnGetConvolutionBackwardDataAlgorithm_v7,50000000000,2019-06-04T06:44:33.499272Z
cudnnGetConvolutionBackwardDataAlgorithmMaxCount,23000000000,2019-06-04T06:44:33.499295Z
cudnnSetConvolutionMathType,46000000000,2019-06-04T06:44:33.499341Z
cudnnSetConvolutionMathType,19000000000,2019-06-04T06:44:33.49936Z
cudnnSetConvolutionMathType,18000000000,2019-06-04T06:44:33.499378Z
cudnnGetConvolutionBackwardDataWorkspaceSize,48000000000,2019-06-04T06:44:33.499426Z
cudnnGetConvolutionBackwardFilterWorkspaceSize,59000000000,2019-06-04T06:44:33.499485Z
cudnnGetConvolutionForwardWorkspaceSize,51000000000,2019-06-04T06:44:33.499536Z
cudnnConvolutionForward,879000000000,2019-06-04T06:44:33.500415Z
cudnnAddTensor,127000000000,2019-06-04T06:44:33.500542Z
cudnnCreatePoolingDescriptor,1200000000000,2019-06-04T06:44:33.501742Z
cudnnCreateTensorDescriptor,36000000000,2019-06-04T06:44:33.501778Z
cudnnCreateTensorDescriptor,18000000000,2019-06-04T06:44:33.501796Z
cudnnSetTensor4dDescriptor,34000000000,2019-06-04T06:44:33.50183Z
cudnnSetTensor4dDescriptorEx,27000000000,2019-06-04T06:44:33.501857Z
cudnnSetTensor4dDescriptor,23000000000,2019-06-04T06:44:33.50188Z
cudnnSetTensor4dDescriptorEx,25000000000,2019-06-04T06:44:33.501905Z
cudnnSetPooling2dDescriptor,26000000000,2019-06-04T06:44:33.501931Z
cudnnSetPoolingNdDescriptor,24000000000,2019-06-04T06:44:33.501955Z
cudnnPoolingForward,47000000000,2019-06-04T06:44:33.502002Z
cudnnCreateTensorDescriptor,86000000000,2019-06-04T06:44:33.502088Z
cudnnCreateTensorDescriptor,22000000000,2019-06-04T06:44:33.50211Z
cudnnCreateTensorDescriptor,18000000000,2019-06-04T06:44:33.502128Z
cudnnCreateFilterDescriptor,16000000000,2019-06-04T06:44:33.502144Z
cudnnCreateConvolutionDescriptor,16000000000,2019-06-04T06:44:33.50216Z
cudnnCreateConvolutionDescriptor,16000000000,2019-06-04T06:44:33.502176Z
cudnnCreateConvolutionDescriptor,15000000000,2019-06-04T06:44:33.502191Z
cudnnSetConvolution2dDescriptor,28000000000,2019-06-04T06:44:33.502219Z
cudnnSetConvolutionNdDescriptor,26000000000,2019-06-04T06:44:33.502245Z
cudnnSetConvolution2dDescriptor,24000000000,2019-06-04T06:44:33.502269Z
cudnnSetConvolutionNdDescriptor,23000000000,2019-06-04T06:44:33.502292Z
cudnnSetConvolution2dDescriptor,24000000000,2019-06-04T06:44:33.502316Z
cudnnSetConvolutionNdDescriptor,29000000000,2019-06-04T06:44:33.502345Z
cudnnSetFilter4dDescriptor,24000000000,2019-06-04T06:44:33.502369Z
cudnnSetFilterNdDescriptor,23000000000,2019-06-04T06:44:33.502392Z
cudnnSetConvolutionMathType,18000000000,2019-06-04T06:44:33.50241Z
cudnnSetConvolutionMathType,17000000000,2019-06-04T06:44:33.502427Z
cudnnSetConvolutionMathType,17000000000,2019-06-04T06:44:33.502444Z
cudnnSetConvolutionGroupCount,17000000000,2019-06-04T06:44:33.502461Z
cudnnSetConvolutionGroupCount,16000000000,2019-06-04T06:44:33.502477Z
cudnnSetConvolutionGroupCount,17000000000,2019-06-04T06:44:33.502494Z
cudnnSetTensorNdDescriptor,23000000000,2019-06-04T06:44:33.502517Z
cudnnSetTensorNdDescriptor,29000000000,2019-06-04T06:44:33.502546Z
cudnnSetTensorNdDescriptor,24000000000,2019-06-04T06:44:33.50257Z
cudnnGetConvolutionForwardAlgorithmMaxCount,36000000000,2019-06-04T06:44:33.502606Z
cudnnGetConvolutionForwardAlgorithm_v7,49000000000,2019-06-04T06:44:33.502655Z
cudnnGetConvolutionForwardAlgorithmMaxCount,23000000000,2019-06-04T06:44:33.502678Z
cudnnGetConvolutionBackwardFilterAlgorithmMaxCount,41000000000,2019-06-04T06:44:33.502719Z
cudnnGetConvolutionBackwardFilterAlgorithm_v7,48000000000,2019-06-04T06:44:33.502767Z
cudnnGetConvolutionBackwardFilterAlgorithmMaxCount,23000000000,2019-06-04T06:44:33.50279Z
cudnnGetConvolutionBackwardDataAlgorithmMaxCount,62000000000,2019-06-04T06:44:33.502852Z
cudnnGetConvolutionBackwardDataAlgorithm_v7,49000000000,2019-06-04T06:44:33.502901Z
cudnnGetConvolutionBackwardDataAlgorithmMaxCount,23000000000,2019-06-04T06:44:33.502924Z
cudnnSetConvolutionMathType,58000000000,2019-06-04T06:44:33.502982Z
cudnnSetConvolutionMathType,21000000000,2019-06-04T06:44:33.503003Z
cudnnSetConvolutionMathType,17000000000,2019-06-04T06:44:33.50302Z
cudnnGetConvolutionBackwardDataWorkspaceSize,47000000000,2019-06-04T06:44:33.503067Z
cudnnGetConvolutionBackwardFilterWorkspaceSize,60000000000,2019-06-04T06:44:33.503127Z
cudnnGetConvolutionForwardWorkspaceSize,52000000000,2019-06-04T06:44:33.503179Z
cudnnConvolutionForward,66000000000,2019-06-04T06:44:33.503245Z
cudnnAddTensor,128000000000,2019-06-04T06:44:33.503373Z
cudnnSetTensor4dDescriptor,120000000000,2019-06-04T06:44:33.503493Z
cudnnSetTensor4dDescriptorEx,32000000000,2019-06-04T06:44:33.503525Z
cudnnSetTensor4dDescriptor,24000000000,2019-06-04T06:44:33.503549Z
cudnnSetTensor4dDescriptorEx,31000000000,2019-06-04T06:44:33.50358Z
cudnnSetPooling2dDescriptor,26000000000,2019-06-04T06:44:33.503606Z
cudnnSetPoolingNdDescriptor,24000000000,2019-06-04T06:44:33.50363Z
cudnnPoolingForward,43000000000,2019-06-04T06:44:33.503673Z
cudnnCreateTensorDescriptor,70000000000,2019-06-04T06:44:33.503743Z
cudnnCreateTensorDescriptor,22000000000,2019-06-04T06:44:33.503765Z
cudnnCreateTensorDescriptor,17000000000,2019-06-04T06:44:33.503782Z
cudnnCreateFilterDescriptor,15000000000,2019-06-04T06:44:33.503797Z
cudnnCreateConvolutionDescriptor,16000000000,2019-06-04T06:44:33.503813Z
cudnnCreateConvolutionDescriptor,22000000000,2019-06-04T06:44:33.503835Z
cudnnCreateConvolutionDescriptor,16000000000,2019-06-04T06:44:33.503851Z
cudnnSetConvolution2dDescriptor,27000000000,2019-06-04T06:44:33.503878Z
cudnnSetConvolutionNdDescriptor,25000000000,2019-06-04T06:44:33.503903Z
cudnnSetConvolution2dDescriptor,25000000000,2019-06-04T06:44:33.503928Z
cudnnSetConvolutionNdDescriptor,23000000000,2019-06-04T06:44:33.503951Z
cudnnSetConvolution2dDescriptor,24000000000,2019-06-04T06:44:33.503975Z
cudnnSetConvolutionNdDescriptor,22000000000,2019-06-04T06:44:33.503997Z
cudnnSetFilter4dDescriptor,24000000000,2019-06-04T06:44:33.504021Z
cudnnSetFilterNdDescriptor,21000000000,2019-06-04T06:44:33.504042Z
cudnnSetConvolutionMathType,26000000000,2019-06-04T06:44:33.504068Z
cudnnSetConvolutionMathType,19000000000,2019-06-04T06:44:33.504087Z
cudnnSetConvolutionMathType,16000000000,2019-06-04T06:44:33.504103Z
cudnnSetConvolutionGroupCount,16000000000,2019-06-04T06:44:33.504119Z
cudnnSetConvolutionGroupCount,17000000000,2019-06-04T06:44:33.504136Z
cudnnSetConvolutionGroupCount,16000000000,2019-06-04T06:44:33.504152Z
cudnnSetTensorNdDescriptor,23000000000,2019-06-04T06:44:33.504175Z
cudnnSetTensorNdDescriptor,23000000000,2019-06-04T06:44:33.504198Z
cudnnSetTensorNdDescriptor,26000000000,2019-06-04T06:44:33.504224Z
cudnnGetConvolutionForwardAlgorithmMaxCount,30000000000,2019-06-04T06:44:33.504254Z
cudnnGetConvolutionForwardAlgorithm_v7,48000000000,2019-06-04T06:44:33.504302Z
cudnnGetConvolutionForwardAlgorithmMaxCount,29000000000,2019-06-04T06:44:33.504331Z
cudnnGetConvolutionBackwardFilterAlgorithmMaxCount,50000000000,2019-06-04T06:44:33.504381Z
cudnnGetConvolutionBackwardFilterAlgorithm_v7,48000000000,2019-06-04T06:44:33.504429Z
cudnnGetConvolutionBackwardFilterAlgorithmMaxCount,23000000000,2019-06-04T06:44:33.504452Z
cudnnGetConvolutionBackwardDataAlgorithmMaxCount,42000000000,2019-06-04T06:44:33.504494Z
cudnnGetConvolutionBackwardDataAlgorithm_v7,47000000000,2019-06-04T06:44:33.504541Z
cudnnGetConvolutionBackwardDataAlgorithmMaxCount,28000000000,2019-06-04T06:44:33.504569Z
cudnnSetConvolutionMathType,45000000000,2019-06-04T06:44:33.504614Z
cudnnSetConvolutionMathType,20000000000,2019-06-04T06:44:33.504634Z
cudnnSetConvolutionMathType,17000000000,2019-06-04T06:44:33.504651Z
cudnnGetConvolutionBackwardDataWorkspaceSize,46000000000,2019-06-04T06:44:33.504697Z
cudnnGetConvolutionBackwardFilterWorkspaceSize,51000000000,2019-06-04T06:44:33.504748Z
cudnnGetConvolutionForwardWorkspaceSize,57000000000,2019-06-04T06:44:33.504805Z
cudnnConvolutionForward,1096000000000,2019-06-04T06:44:33.505901Z
cudnnAddTensor,157000000000,2019-06-04T06:44:33.506058Z
cudnnCreateTensorDescriptor,99000000000,2019-06-04T06:44:33.506157Z
cudnnCreateTensorDescriptor,23000000000,2019-06-04T06:44:33.50618Z
cudnnCreateTensorDescriptor,17000000000,2019-06-04T06:44:33.506197Z
cudnnCreateFilterDescriptor,16000000000,2019-06-04T06:44:33.506213Z
cudnnCreateConvolutionDescriptor,16000000000,2019-06-04T06:44:33.506229Z
cudnnCreateConvolutionDescriptor,16000000000,2019-06-04T06:44:33.506245Z
cudnnCreateConvolutionDescriptor,16000000000,2019-06-04T06:44:33.506261Z
cudnnSetConvolution2dDescriptor,34000000000,2019-06-04T06:44:33.506295Z
cudnnSetConvolutionNdDescriptor,27000000000,2019-06-04T06:44:33.506322Z
cudnnSetConvolution2dDescriptor,24000000000,2019-06-04T06:44:33.506346Z
cudnnSetConvolutionNdDescriptor,31000000000,2019-06-04T06:44:33.506377Z
cudnnSetConvolution2dDescriptor,25000000000,2019-06-04T06:44:33.506402Z
cudnnSetConvolutionNdDescriptor,23000000000,2019-06-04T06:44:33.506425Z
cudnnSetFilter4dDescriptor,24000000000,2019-06-04T06:44:33.506449Z
cudnnSetFilterNdDescriptor,21000000000,2019-06-04T06:44:33.50647Z
cudnnSetConvolutionMathType,18000000000,2019-06-04T06:44:33.506488Z
cudnnSetConvolutionMathType,18000000000,2019-06-04T06:44:33.506506Z
cudnnSetConvolutionMathType,17000000000,2019-06-04T06:44:33.506523Z
cudnnSetConvolutionGroupCount,16000000000,2019-06-04T06:44:33.506539Z
cudnnSetConvolutionGroupCount,18000000000,2019-06-04T06:44:33.506557Z
cudnnSetConvolutionGroupCount,17000000000,2019-06-04T06:44:33.506574Z
cudnnSetTensorNdDescriptor,28000000000,2019-06-04T06:44:33.506602Z
cudnnSetTensorNdDescriptor,24000000000,2019-06-04T06:44:33.506626Z
cudnnSetTensorNdDescriptor,22000000000,2019-06-04T06:44:33.506648Z
cudnnGetConvolutionForwardAlgorithmMaxCount,30000000000,2019-06-04T06:44:33.506678Z
cudnnGetConvolutionForwardAlgorithm_v7,48000000000,2019-06-04T06:44:33.506726Z
cudnnGetConvolutionForwardAlgorithmMaxCount,23000000000,2019-06-04T06:44:33.506749Z
cudnnGetConvolutionBackwardFilterAlgorithmMaxCount,39000000000,2019-06-04T06:44:33.506788Z
cudnnGetConvolutionBackwardFilterAlgorithm_v7,48000000000,2019-06-04T06:44:33.506836Z
cudnnGetConvolutionBackwardFilterAlgorithmMaxCount,29000000000,2019-06-04T06:44:33.506865Z
cudnnGetConvolutionBackwardDataAlgorithmMaxCount,47000000000,2019-06-04T06:44:33.506912Z
cudnnGetConvolutionBackwardDataAlgorithm_v7,47000000000,2019-06-04T06:44:33.506959Z
cudnnGetConvolutionBackwardDataAlgorithmMaxCount,22000000000,2019-06-04T06:44:33.506981Z
cudnnSetConvolutionMathType,43000000000,2019-06-04T06:44:33.507024Z
cudnnSetConvolutionMathType,19000000000,2019-06-04T06:44:33.507043Z
cudnnSetConvolutionMathType,23000000000,2019-06-04T06:44:33.507066Z
cudnnGetConvolutionBackwardDataWorkspaceSize,47000000000,2019-06-04T06:44:33.507113Z
cudnnGetConvolutionBackwardFilterWorkspaceSize,52000000000,2019-06-04T06:44:33.507165Z
cudnnGetConvolutionForwardWorkspaceSize,52000000000,2019-06-04T06:44:33.507217Z
cudnnConvolutionForward,66000000000,2019-06-04T06:44:33.507283Z
cudnnAddTensor,115000000000,2019-06-04T06:44:33.507398Z
cudnnCreateTensorDescriptor,97000000000,2019-06-04T06:44:33.507495Z
cudnnCreateTensorDescriptor,23000000000,2019-06-04T06:44:33.507518Z
cudnnCreateTensorDescriptor,17000000000,2019-06-04T06:44:33.507535Z
cudnnCreateFilterDescriptor,16000000000,2019-06-04T06:44:33.507551Z
cudnnCreateConvolutionDescriptor,17000000000,2019-06-04T06:44:33.507568Z
cudnnCreateConvolutionDescriptor,16000000000,2019-06-04T06:44:33.507584Z
cudnnCreateConvolutionDescriptor,16000000000,2019-06-04T06:44:33.5076Z
cudnnSetConvolution2dDescriptor,27000000000,2019-06-04T06:44:33.507627Z
cudnnSetConvolutionNdDescriptor,25000000000,2019-06-04T06:44:33.507652Z
cudnnSetConvolution2dDescriptor,23000000000,2019-06-04T06:44:33.507675Z
cudnnSetConvolutionNdDescriptor,23000000000,2019-06-04T06:44:33.507698Z
cudnnSetConvolution2dDescriptor,24000000000,2019-06-04T06:44:33.507722Z
cudnnSetConvolutionNdDescriptor,30000000000,2019-06-04T06:44:33.507752Z
cudnnSetFilter4dDescriptor,24000000000,2019-06-04T06:44:33.507776Z
cudnnSetFilterNdDescriptor,21000000000,2019-06-04T06:44:33.507797Z
cudnnSetConvolutionMathType,18000000000,2019-06-04T06:44:33.507815Z
cudnnSetConvolutionMathType,17000000000,2019-06-04T06:44:33.507832Z
cudnnSetConvolutionMathType,17000000000,2019-06-04T06:44:33.507849Z
cudnnSetConvolutionGroupCount,17000000000,2019-06-04T06:44:33.507866Z
cudnnSetConvolutionGroupCount,17000000000,2019-06-04T06:44:33.507883Z
cudnnSetConvolutionGroupCount,16000000000,2019-06-04T06:44:33.507899Z
cudnnSetTensorNdDescriptor,22000000000,2019-06-04T06:44:33.507921Z
cudnnSetTensorNdDescriptor,23000000000,2019-06-04T06:44:33.507944Z
cudnnSetTensorNdDescriptor,23000000000,2019-06-04T06:44:33.507967Z
cudnnGetConvolutionForwardAlgorithmMaxCount,28000000000,2019-06-04T06:44:33.507995Z
cudnnGetConvolutionForwardAlgorithm_v7,54000000000,2019-06-04T06:44:33.508049Z
cudnnGetConvolutionForwardAlgorithmMaxCount,23000000000,2019-06-04T06:44:33.508072Z
cudnnGetConvolutionBackwardFilterAlgorithmMaxCount,45000000000,2019-06-04T06:44:33.508117Z
cudnnGetConvolutionBackwardFilterAlgorithm_v7,54000000000,2019-06-04T06:44:33.508171Z
cudnnGetConvolutionBackwardFilterAlgorithmMaxCount,23000000000,2019-06-04T06:44:33.508194Z
cudnnGetConvolutionBackwardDataAlgorithmMaxCount,57000000000,2019-06-04T06:44:33.508251Z
cudnnGetConvolutionBackwardDataAlgorithm_v7,49000000000,2019-06-04T06:44:33.5083Z
cudnnGetConvolutionBackwardDataAlgorithmMaxCount,23000000000,2019-06-04T06:44:33.508323Z
cudnnSetConvolutionMathType,41000000000,2019-06-04T06:44:33.508364Z
cudnnSetConvolutionMathType,20000000000,2019-06-04T06:44:33.508384Z
cudnnSetConvolutionMathType,18000000000,2019-06-04T06:44:33.508402Z
cudnnGetConvolutionBackwardDataWorkspaceSize,46000000000,2019-06-04T06:44:33.508448Z
cudnnGetConvolutionBackwardFilterWorkspaceSize,58000000000,2019-06-04T06:44:33.508506Z
cudnnGetConvolutionForwardWorkspaceSize,52000000000,2019-06-04T06:44:33.508558Z
cudnnConvolutionForward,60000000000,2019-06-04T06:44:33.508618Z
cudnnAddTensor,117000000000,2019-06-04T06:44:33.508735Z
cudnnSetTensor4dDescriptor,1698000000000,2019-06-04T06:44:33.510433Z
cudnnSetTensor4dDescriptorEx,37000000000,2019-06-04T06:44:33.51047Z
cudnnSetTensor4dDescriptor,24000000000,2019-06-04T06:44:33.510494Z
cudnnSetTensor4dDescriptorEx,35000000000,2019-06-04T06:44:33.510529Z
cudnnSetPooling2dDescriptor,27000000000,2019-06-04T06:44:33.510556Z
cudnnSetPoolingNdDescriptor,25000000000,2019-06-04T06:44:33.510581Z
cudnnPoolingForward,46000000000,2019-06-04T06:44:33.510627Z
cudnnCreateTensorDescriptor,3873000000000,2019-06-04T06:44:33.5145Z
cudnnCreateTensorDescriptor,39000000000,2019-06-04T06:44:33.514539Z
cudnnCreateTensorDescriptor,20000000000,2019-06-04T06:44:33.514559Z
cudnnCreateFilterDescriptor,15000000000,2019-06-04T06:44:33.514574Z
cudnnCreateConvolutionDescriptor,16000000000,2019-06-04T06:44:33.51459Z
cudnnCreateConvolutionDescriptor,16000000000,2019-06-04T06:44:33.514606Z
cudnnCreateConvolutionDescriptor,27000000000,2019-06-04T06:44:33.514633Z
cudnnSetConvolution2dDescriptor,37000000000,2019-06-04T06:44:33.51467Z
cudnnSetConvolutionNdDescriptor,34000000000,2019-06-04T06:44:33.514704Z
cudnnSetConvolution2dDescriptor,26000000000,2019-06-04T06:44:33.51473Z
cudnnSetConvolutionNdDescriptor,23000000000,2019-06-04T06:44:33.514753Z
cudnnSetConvolution2dDescriptor,22000000000,2019-06-04T06:44:33.514775Z
cudnnSetConvolutionNdDescriptor,23000000000,2019-06-04T06:44:33.514798Z
cudnnSetFilter4dDescriptor,24000000000,2019-06-04T06:44:33.514822Z
cudnnSetFilterNdDescriptor,22000000000,2019-06-04T06:44:33.514844Z
cudnnSetConvolutionMathType,28000000000,2019-06-04T06:44:33.514872Z
cudnnSetConvolutionMathType,17000000000,2019-06-04T06:44:33.514889Z
cudnnSetConvolutionMathType,17000000000,2019-06-04T06:44:33.514906Z
cudnnSetConvolutionGroupCount,16000000000,2019-06-04T06:44:33.514922Z
cudnnSetConvolutionGroupCount,16000000000,2019-06-04T06:44:33.514938Z
cudnnSetConvolutionGroupCount,16000000000,2019-06-04T06:44:33.514954Z
cudnnSetTensorNdDescriptor,20000000000,2019-06-04T06:44:33.514974Z
cudnnSetTensorNdDescriptor,24000000000,2019-06-04T06:44:33.514998Z
cudnnSetTensorNdDescriptor,22000000000,2019-06-04T06:44:33.51502Z
cudnnSetConvolutionMathType,34000000000,2019-06-04T06:44:33.515054Z
cudnnSetConvolutionMathType,20000000000,2019-06-04T06:44:33.515074Z
cudnnSetConvolutionMathType,18000000000,2019-06-04T06:44:33.515092Z
cudnnGetConvolutionBackwardDataWorkspaceSize,47000000000,2019-06-04T06:44:33.515139Z
cudnnGetConvolutionBackwardFilterWorkspaceSize,58000000000,2019-06-04T06:44:33.515197Z
cudnnGetConvolutionForwardWorkspaceSize,51000000000,2019-06-04T06:44:33.515248Z
cudnnConvolutionForward,65000000000,2019-06-04T06:44:33.515313Z
cudnnAddTensor,88000000000,2019-06-04T06:44:33.515401Z
cudnnCreatePoolingDescriptor,93000000000,2019-06-04T06:44:33.515494Z
cudnnCreateTensorDescriptor,23000000000,2019-06-04T06:44:33.515517Z
cudnnCreateTensorDescriptor,15000000000,2019-06-04T06:44:33.515532Z
cudnnSetTensor4dDescriptor,24000000000,2019-06-04T06:44:33.515556Z
cudnnSetTensor4dDescriptorEx,32000000000,2019-06-04T06:44:33.515588Z
cudnnSetTensor4dDescriptor,24000000000,2019-06-04T06:44:33.515612Z
cudnnSetTensor4dDescriptorEx,23000000000,2019-06-04T06:44:33.515635Z
cudnnSetPooling2dDescriptor,25000000000,2019-06-04T06:44:33.51566Z
cudnnSetPoolingNdDescriptor,23000000000,2019-06-04T06:44:33.515683Z
cudnnPoolingForward,43000000000,2019-06-04T06:44:33.515726Z
cudnnCreateTensorDescriptor,56000000000,2019-06-04T06:44:33.515782Z
cudnnCreateTensorDescriptor,28000000000,2019-06-04T06:44:33.51581Z
cudnnCreateTensorDescriptor,18000000000,2019-06-04T06:44:33.515828Z
cudnnCreateFilterDescriptor,26000000000,2019-06-04T06:44:33.515854Z
cudnnCreateConvolutionDescriptor,18000000000,2019-06-04T06:44:33.515872Z
cudnnCreateConvolutionDescriptor,16000000000,2019-06-04T06:44:33.515888Z
cudnnCreateConvolutionDescriptor,16000000000,2019-06-04T06:44:33.515904Z
cudnnSetConvolution2dDescriptor,26000000000,2019-06-04T06:44:33.51593Z
cudnnSetConvolutionNdDescriptor,25000000000,2019-06-04T06:44:33.515955Z
cudnnSetConvolution2dDescriptor,24000000000,2019-06-04T06:44:33.515979Z
cudnnSetConvolutionNdDescriptor,23000000000,2019-06-04T06:44:33.516002Z
cudnnSetConvolution2dDescriptor,23000000000,2019-06-04T06:44:33.516025Z
cudnnSetConvolutionNdDescriptor,23000000000,2019-06-04T06:44:33.516048Z
cudnnSetFilter4dDescriptor,29000000000,2019-06-04T06:44:33.516077Z
cudnnSetFilterNdDescriptor,23000000000,2019-06-04T06:44:33.5161Z
cudnnSetConvolutionMathType,19000000000,2019-06-04T06:44:33.516119Z
cudnnSetConvolutionMathType,15000000000,2019-06-04T06:44:33.516134Z
cudnnSetConvolutionMathType,16000000000,2019-06-04T06:44:33.51615Z
cudnnSetConvolutionGroupCount,17000000000,2019-06-04T06:44:33.516167Z
cudnnSetConvolutionGroupCount,17000000000,2019-06-04T06:44:33.516184Z
cudnnSetConvolutionGroupCount,16000000000,2019-06-04T06:44:33.5162Z
cudnnSetTensorNdDescriptor,22000000000,2019-06-04T06:44:33.516222Z
cudnnSetTensorNdDescriptor,23000000000,2019-06-04T06:44:33.516245Z
cudnnSetTensorNdDescriptor,22000000000,2019-06-04T06:44:33.516267Z
cudnnSetConvolutionMathType,30000000000,2019-06-04T06:44:33.516297Z
cudnnSetConvolutionMathType,19000000000,2019-06-04T06:44:33.516316Z
cudnnSetConvolutionMathType,21000000000,2019-06-04T06:44:33.516337Z
cudnnGetConvolutionBackwardDataWorkspaceSize,44000000000,2019-06-04T06:44:33.516381Z
cudnnGetConvolutionBackwardFilterWorkspaceSize,51000000000,2019-06-04T06:44:33.516432Z
cudnnGetConvolutionForwardWorkspaceSize,50000000000,2019-06-04T06:44:33.516482Z
cudnnConvolutionForward,66000000000,2019-06-04T06:44:33.516548Z
cudnnAddTensor,111000000000,2019-06-04T06:44:33.516659Z
cudnnSetTensor4dDescriptor,98000000000,2019-06-04T06:44:33.516757Z
cudnnSetTensor4dDescriptorEx,32000000000,2019-06-04T06:44:33.516789Z
cudnnSetTensor4dDescriptor,25000000000,2019-06-04T06:44:33.516814Z
cudnnSetTensor4dDescriptorEx,23000000000,2019-06-04T06:44:33.516837Z
cudnnSetPooling2dDescriptor,25000000000,2019-06-04T06:44:33.516862Z
cudnnSetPoolingNdDescriptor,23000000000,2019-06-04T06:44:33.516885Z
cudnnPoolingForward,42000000000,2019-06-04T06:44:33.516927Z
cudnnCreateTensorDescriptor,61000000000,2019-06-04T06:44:33.516988Z
cudnnCreateTensorDescriptor,22000000000,2019-06-04T06:44:33.51701Z
cudnnCreateTensorDescriptor,18000000000,2019-06-04T06:44:33.517028Z
cudnnCreateFilterDescriptor,15000000000,2019-06-04T06:44:33.517043Z
cudnnCreateConvolutionDescriptor,17000000000,2019-06-04T06:44:33.51706Z
cudnnCreateConvolutionDescriptor,17000000000,2019-06-04T06:44:33.517077Z
cudnnCreateConvolutionDescriptor,16000000000,2019-06-04T06:44:33.517093Z
cudnnSetConvolution2dDescriptor,25000000000,2019-06-04T06:44:33.517118Z
cudnnSetConvolutionNdDescriptor,25000000000,2019-06-04T06:44:33.517143Z
cudnnSetConvolution2dDescriptor,23000000000,2019-06-04T06:44:33.517166Z
cudnnSetConvolutionNdDescriptor,23000000000,2019-06-04T06:44:33.517189Z
cudnnSetConvolution2dDescriptor,24000000000,2019-06-04T06:44:33.517213Z
cudnnSetConvolutionNdDescriptor,29000000000,2019-06-04T06:44:33.517242Z
cudnnSetFilter4dDescriptor,24000000000,2019-06-04T06:44:33.517266Z
cudnnSetFilterNdDescriptor,22000000000,2019-06-04T06:44:33.517288Z
cudnnSetConvolutionMathType,18000000000,2019-06-04T06:44:33.517306Z
cudnnSetConvolutionMathType,17000000000,2019-06-04T06:44:33.517323Z
cudnnSetConvolutionMathType,15000000000,2019-06-04T06:44:33.517338Z
cudnnSetConvolutionGroupCount,17000000000,2019-06-04T06:44:33.517355Z
cudnnSetConvolutionGroupCount,16000000000,2019-06-04T06:44:33.517371Z
cudnnSetConvolutionGroupCount,17000000000,2019-06-04T06:44:33.517388Z
cudnnSetTensorNdDescriptor,22000000000,2019-06-04T06:44:33.51741Z
cudnnSetTensorNdDescriptor,24000000000,2019-06-04T06:44:33.517434Z
cudnnSetTensorNdDescriptor,22000000000,2019-06-04T06:44:33.517456Z
cudnnSetConvolutionMathType,30000000000,2019-06-04T06:44:33.517486Z
cudnnSetConvolutionMathType,28000000000,2019-06-04T06:44:33.517514Z
cudnnSetConvolutionMathType,17000000000,2019-06-04T06:44:33.517531Z
cudnnGetConvolutionBackwardDataWorkspaceSize,43000000000,2019-06-04T06:44:33.517574Z
cudnnGetConvolutionBackwardFilterWorkspaceSize,51000000000,2019-06-04T06:44:33.517625Z
cudnnGetConvolutionForwardWorkspaceSize,49000000000,2019-06-04T06:44:33.517674Z
cudnnConvolutionForward,90000000000,2019-06-04T06:44:33.517764Z
cudnnAddTensor,91000000000,2019-06-04T06:44:33.517855Z
cudnnCreateTensorDescriptor,78000000000,2019-06-04T06:44:33.517933Z
cudnnCreateTensorDescriptor,21000000000,2019-06-04T06:44:33.517954Z
cudnnCreateTensorDescriptor,26000000000,2019-06-04T06:44:33.51798Z
cudnnCreateFilterDescriptor,17000000000,2019-06-04T06:44:33.517997Z
cudnnCreateConvolutionDescriptor,16000000000,2019-06-04T06:44:33.518013Z
cudnnCreateConvolutionDescriptor,15000000000,2019-06-04T06:44:33.518028Z
cudnnCreateConvolutionDescriptor,16000000000,2019-06-04T06:44:33.518044Z
cudnnSetConvolution2dDescriptor,27000000000,2019-06-04T06:44:33.518071Z
cudnnSetConvolutionNdDescriptor,25000000000,2019-06-04T06:44:33.518096Z
cudnnSetConvolution2dDescriptor,23000000000,2019-06-04T06:44:33.518119Z
cudnnSetConvolutionNdDescriptor,23000000000,2019-06-04T06:44:33.518142Z
cudnnSetConvolution2dDescriptor,21000000000,2019-06-04T06:44:33.518163Z
cudnnSetConvolutionNdDescriptor,28000000000,2019-06-04T06:44:33.518191Z
cudnnSetFilter4dDescriptor,24000000000,2019-06-04T06:44:33.518215Z
cudnnSetFilterNdDescriptor,21000000000,2019-06-04T06:44:33.518236Z
cudnnSetConvolutionMathType,18000000000,2019-06-04T06:44:33.518254Z
cudnnSetConvolutionMathType,18000000000,2019-06-04T06:44:33.518272Z
cudnnSetConvolutionMathType,16000000000,2019-06-04T06:44:33.518288Z
cudnnSetConvolutionGroupCount,16000000000,2019-06-04T06:44:33.518304Z
cudnnSetConvolutionGroupCount,16000000000,2019-06-04T06:44:33.51832Z
cudnnSetConvolutionGroupCount,16000000000,2019-06-04T06:44:33.518336Z
cudnnSetTensorNdDescriptor,21000000000,2019-06-04T06:44:33.518357Z
cudnnSetTensorNdDescriptor,20000000000,2019-06-04T06:44:33.518377Z
cudnnSetTensorNdDescriptor,23000000000,2019-06-04T06:44:33.5184Z
cudnnSetConvolutionMathType,33000000000,2019-06-04T06:44:33.518433Z
cudnnSetConvolutionMathType,20000000000,2019-06-04T06:44:33.518453Z
cudnnSetConvolutionMathType,17000000000,2019-06-04T06:44:33.51847Z
cudnnGetConvolutionBackwardDataWorkspaceSize,44000000000,2019-06-04T06:44:33.518514Z
cudnnGetConvolutionBackwardFilterWorkspaceSize,51000000000,2019-06-04T06:44:33.518565Z
cudnnGetConvolutionForwardWorkspaceSize,56000000000,2019-06-04T06:44:33.518621Z
cudnnConvolutionForward,58000000000,2019-06-04T06:44:33.518679Z
cudnnAddTensor,111000000000,2019-06-04T06:44:33.51879Z
cudnnCreateTensorDescriptor,77000000000,2019-06-04T06:44:33.518867Z
cudnnCreateTensorDescriptor,22000000000,2019-06-04T06:44:33.518889Z
cudnnCreateTensorDescriptor,17000000000,2019-06-04T06:44:33.518906Z
cudnnCreateFilterDescriptor,17000000000,2019-06-04T06:44:33.518923Z
cudnnCreateConvolutionDescriptor,15000000000,2019-06-04T06:44:33.518938Z
cudnnCreateConvolutionDescriptor,16000000000,2019-06-04T06:44:33.518954Z
cudnnCreateConvolutionDescriptor,14000000000,2019-06-04T06:44:33.518968Z
cudnnSetConvolution2dDescriptor,24000000000,2019-06-04T06:44:33.518992Z
cudnnSetConvolutionNdDescriptor,25000000000,2019-06-04T06:44:33.519017Z
cudnnSetConvolution2dDescriptor,23000000000,2019-06-04T06:44:33.51904Z
cudnnSetConvolutionNdDescriptor,23000000000,2019-06-04T06:44:33.519063Z
cudnnSetConvolution2dDescriptor,23000000000,2019-06-04T06:44:33.519086Z
cudnnSetConvolutionNdDescriptor,30000000000,2019-06-04T06:44:33.519116Z
cudnnSetFilter4dDescriptor,24000000000,2019-06-04T06:44:33.51914Z
cudnnSetFilterNdDescriptor,21000000000,2019-06-04T06:44:33.519161Z
cudnnSetConvolutionMathType,17000000000,2019-06-04T06:44:33.519178Z
cudnnSetConvolutionMathType,16000000000,2019-06-04T06:44:33.519194Z
cudnnSetConvolutionMathType,18000000000,2019-06-04T06:44:33.519212Z
cudnnSetConvolutionGroupCount,17000000000,2019-06-04T06:44:33.519229Z
cudnnSetConvolutionGroupCount,16000000000,2019-06-04T06:44:33.519245Z
cudnnSetConvolutionGroupCount,16000000000,2019-06-04T06:44:33.519261Z
cudnnSetTensorNdDescriptor,21000000000,2019-06-04T06:44:33.519282Z
cudnnSetTensorNdDescriptor,22000000000,2019-06-04T06:44:33.519304Z
cudnnSetTensorNdDescriptor,23000000000,2019-06-04T06:44:33.519327Z
cudnnSetConvolutionMathType,34000000000,2019-06-04T06:44:33.519361Z
cudnnSetConvolutionMathType,20000000000,2019-06-04T06:44:33.519381Z
cudnnSetConvolutionMathType,14000000000,2019-06-04T06:44:33.519395Z
cudnnGetConvolutionBackwardDataWorkspaceSize,44000000000,2019-06-04T06:44:33.519439Z
cudnnGetConvolutionBackwardFilterWorkspaceSize,51000000000,2019-06-04T06:44:33.51949Z
cudnnGetConvolutionForwardWorkspaceSize,56000000000,2019-06-04T06:44:33.519546Z
cudnnConvolutionForward,58000000000,2019-06-04T06:44:33.519604Z
cudnnAddTensor,105000000000,2019-06-04T06:44:33.519709Z
cudnnSetTensor4dDescriptor,76000000000,2019-06-04T06:44:33.519785Z
cudnnSetTensor4dDescriptorEx,31000000000,2019-06-04T06:44:33.519816Z
cudnnSetTensor4dDescriptor,23000000000,2019-06-04T06:44:33.519839Z
cudnnSetTensor4dDescriptorEx,23000000000,2019-06-04T06:44:33.519862Z
cudnnSetPooling2dDescriptor,25000000000,2019-06-04T06:44:33.519887Z
cudnnSetPoolingNdDescriptor,23000000000,2019-06-04T06:44:33.51991Z
cudnnPoolingForward,43000000000,2019-06-04T06:44:33.519953Z
cudnnGetConvolutionBackwardDataWorkspaceSize,3401000000000,2019-06-04T06:44:33.523354Z
cudnnGetConvolutionBackwardFilterWorkspaceSize,89000000000,2019-06-04T06:44:33.523443Z
cudnnGetConvolutionForwardWorkspaceSize,75000000000,2019-06-04T06:44:33.523518Z
cudnnConvolutionForward,135000000000,2019-06-04T06:44:33.523653Z
cudnnAddTensor,107000000000,2019-06-04T06:44:33.52376Z
cudnnSetTensor4dDescriptor,120000000000,2019-06-04T06:44:33.52388Z
cudnnSetTensor4dDescriptorEx,38000000000,2019-06-04T06:44:33.523918Z
cudnnSetTensor4dDescriptor,26000000000,2019-06-04T06:44:33.523944Z
cudnnSetTensor4dDescriptorEx,27000000000,2019-06-04T06:44:33.523971Z
cudnnSetPooling2dDescriptor,29000000000,2019-06-04T06:44:33.524Z
cudnnSetPoolingNdDescriptor,26000000000,2019-06-04T06:44:33.524026Z
cudnnPoolingForward,51000000000,2019-06-04T06:44:33.524077Z
cudnnGetConvolutionBackwardDataWorkspaceSize,105000000000,2019-06-04T06:44:33.524182Z
cudnnGetConvolutionBackwardFilterWorkspaceSize,72000000000,2019-06-04T06:44:33.524254Z
cudnnGetConvolutionForwardWorkspaceSize,70000000000,2019-06-04T06:44:33.524324Z
cudnnConvolutionForward,71000000000,2019-06-04T06:44:33.524395Z
cudnnAddTensor,119000000000,2019-06-04T06:44:33.524514Z
cudnnSetTensor4dDescriptor,109000000000,2019-06-04T06:44:33.524623Z
cudnnSetTensor4dDescriptorEx,35000000000,2019-06-04T06:44:33.524658Z
cudnnSetTensor4dDescriptor,26000000000,2019-06-04T06:44:33.524684Z
cudnnSetTensor4dDescriptorEx,27000000000,2019-06-04T06:44:33.524711Z
cudnnSetPooling2dDescriptor,27000000000,2019-06-04T06:44:33.524738Z
cudnnSetPoolingNdDescriptor,27000000000,2019-06-04T06:44:33.524765Z
cudnnPoolingForward,50000000000,2019-06-04T06:44:33.524815Z
cudnnGetConvolutionBackwardDataWorkspaceSize,101000000000,2019-06-04T06:44:33.524916Z
cudnnGetConvolutionBackwardFilterWorkspaceSize,66000000000,2019-06-04T06:44:33.524982Z
cudnnGetConvolutionForwardWorkspaceSize,67000000000,2019-06-04T06:44:33.525049Z
cudnnConvolutionForward,70000000000,2019-06-04T06:44:33.525119Z
cudnnAddTensor,89000000000,2019-06-04T06:44:33.525208Z
cudnnGetConvolutionBackwardDataWorkspaceSize,120000000000,2019-06-04T06:44:33.525328Z
cudnnGetConvolutionBackwardFilterWorkspaceSize,68000000000,2019-06-04T06:44:33.525396Z
cudnnGetConvolutionForwardWorkspaceSize,61000000000,2019-06-04T06:44:33.525457Z
cudnnConvolutionForward,79000000000,2019-06-04T06:44:33.525536Z
cudnnAddTensor,120000000000,2019-06-04T06:44:33.525656Z
cudnnGetConvolutionBackwardDataWorkspaceSize,147000000000,2019-06-04T06:44:33.525803Z
cudnnGetConvolutionBackwardFilterWorkspaceSize,74000000000,2019-06-04T06:44:33.525877Z
cudnnGetConvolutionForwardWorkspaceSize,60000000000,2019-06-04T06:44:33.525937Z
cudnnConvolutionForward,79000000000,2019-06-04T06:44:33.526016Z
cudnnAddTensor,119000000000,2019-06-04T06:44:33.526135Z
cudnnSetTensor4dDescriptor,80000000000,2019-06-04T06:44:33.526215Z
cudnnSetTensor4dDescriptorEx,43000000000,2019-06-04T06:44:33.526258Z
cudnnSetTensor4dDescriptor,26000000000,2019-06-04T06:44:33.526284Z
cudnnSetTensor4dDescriptorEx,26000000000,2019-06-04T06:44:33.52631Z
cudnnSetPooling2dDescriptor,28000000000,2019-06-04T06:44:33.526338Z
cudnnSetPoolingNdDescriptor,27000000000,2019-06-04T06:44:33.526365Z
cudnnPoolingForward,50000000000,2019-06-04T06:44:33.526415Z
cudnnGetConvolutionBackwardDataWorkspaceSize,3671000000000,2019-06-04T06:44:33.530086Z
cudnnGetConvolutionBackwardFilterWorkspaceSize,69000000000,2019-06-04T06:44:33.530155Z
cudnnGetConvolutionForwardWorkspaceSize,51000000000,2019-06-04T06:44:33.530206Z
cudnnConvolutionForward,66000000000,2019-06-04T06:44:33.530272Z
cudnnAddTensor,90000000000,2019-06-04T06:44:33.530362Z
cudnnSetTensor4dDescriptor,91000000000,2019-06-04T06:44:33.530453Z
cudnnSetTensor4dDescriptorEx,38000000000,2019-06-04T06:44:33.530491Z
cudnnSetTensor4dDescriptor,23000000000,2019-06-04T06:44:33.530514Z
cudnnSetTensor4dDescriptorEx,23000000000,2019-06-04T06:44:33.530537Z
cudnnSetPooling2dDescriptor,23000000000,2019-06-04T06:44:33.53056Z
cudnnSetPoolingNdDescriptor,23000000000,2019-06-04T06:44:33.530583Z
cudnnPoolingForward,41000000000,2019-06-04T06:44:33.530624Z
cudnnGetConvolutionBackwardDataWorkspaceSize,84000000000,2019-06-04T06:44:33.530708Z
cudnnGetConvolutionBackwardFilterWorkspaceSize,55000000000,2019-06-04T06:44:33.530763Z
cudnnGetConvolutionForwardWorkspaceSize,50000000000,2019-06-04T06:44:33.530813Z
cudnnConvolutionForward,62000000000,2019-06-04T06:44:33.530875Z
cudnnAddTensor,104000000000,2019-06-04T06:44:33.530979Z
cudnnSetTensor4dDescriptor,85000000000,2019-06-04T06:44:33.531064Z
cudnnSetTensor4dDescriptorEx,36000000000,2019-06-04T06:44:33.5311Z
cudnnSetTensor4dDescriptor,23000000000,2019-06-04T06:44:33.531123Z
cudnnSetTensor4dDescriptorEx,23000000000,2019-06-04T06:44:33.531146Z
cudnnSetPooling2dDescriptor,23000000000,2019-06-04T06:44:33.531169Z
cudnnSetPoolingNdDescriptor,22000000000,2019-06-04T06:44:33.531191Z
cudnnPoolingForward,42000000000,2019-06-04T06:44:33.531233Z
cudnnGetConvolutionBackwardDataWorkspaceSize,76000000000,2019-06-04T06:44:33.531309Z
cudnnGetConvolutionBackwardFilterWorkspaceSize,60000000000,2019-06-04T06:44:33.531369Z
cudnnGetConvolutionForwardWorkspaceSize,49000000000,2019-06-04T06:44:33.531418Z
cudnnConvolutionForward,60000000000,2019-06-04T06:44:33.531478Z
cudnnAddTensor,78000000000,2019-06-04T06:44:33.531556Z
cudnnGetConvolutionBackwardDataWorkspaceSize,90000000000,2019-06-04T06:44:33.531646Z
cudnnGetConvolutionBackwardFilterWorkspaceSize,61000000000,2019-06-04T06:44:33.531707Z
cudnnGetConvolutionForwardWorkspaceSize,48000000000,2019-06-04T06:44:33.531755Z
cudnnConvolutionForward,62000000000,2019-06-04T06:44:33.531817Z
cudnnAddTensor,101000000000,2019-06-04T06:44:33.531918Z
cudnnGetConvolutionBackwardDataWorkspaceSize,91000000000,2019-06-04T06:44:33.532009Z
cudnnGetConvolutionBackwardFilterWorkspaceSize,60000000000,2019-06-04T06:44:33.532069Z
cudnnGetConvolutionForwardWorkspaceSize,50000000000,2019-06-04T06:44:33.532119Z
cudnnConvolutionForward,59000000000,2019-06-04T06:44:33.532178Z
cudnnAddTensor,101000000000,2019-06-04T06:44:33.532279Z
cudnnSetTensor4dDescriptor,68000000000,2019-06-04T06:44:33.532347Z
cudnnSetTensor4dDescriptorEx,28000000000,2019-06-04T06:44:33.532375Z
cudnnSetTensor4dDescriptor,28000000000,2019-06-04T06:44:33.532403Z
cudnnSetTensor4dDescriptorEx,24000000000,2019-06-04T06:44:33.532427Z
cudnnSetPooling2dDescriptor,23000000000,2019-06-04T06:44:33.53245Z
cudnnSetPoolingNdDescriptor,22000000000,2019-06-04T06:44:33.532472Z
cudnnPoolingForward,41000000000,2019-06-04T06:44:33.532513Z
cudnnGetConvolutionBackwardDataWorkspaceSize,3202000000000,2019-06-04T06:44:33.535715Z
cudnnGetConvolutionBackwardFilterWorkspaceSize,80000000000,2019-06-04T06:44:33.535795Z
cudnnGetConvolutionForwardWorkspaceSize,58000000000,2019-06-04T06:44:33.535853Z
cudnnConvolutionForward,72000000000,2019-06-04T06:44:33.535925Z
cudnnAddTensor,89000000000,2019-06-04T06:44:33.536014Z
cudnnSetTensor4dDescriptor,98000000000,2019-06-04T06:44:33.536112Z
cudnnSetTensor4dDescriptorEx,33000000000,2019-06-04T06:44:33.536145Z
cudnnSetTensor4dDescriptor,24000000000,2019-06-04T06:44:33.536169Z
cudnnSetTensor4dDescriptorEx,33000000000,2019-06-04T06:44:33.536202Z
cudnnSetPooling2dDescriptor,26000000000,2019-06-04T06:44:33.536228Z
cudnnSetPoolingNdDescriptor,24000000000,2019-06-04T06:44:33.536252Z
cudnnPoolingForward,45000000000,2019-06-04T06:44:33.536297Z
cudnnGetConvolutionBackwardDataWorkspaceSize,85000000000,2019-06-04T06:44:33.536382Z
cudnnGetConvolutionBackwardFilterWorkspaceSize,66000000000,2019-06-04T06:44:33.536448Z
cudnnGetConvolutionForwardWorkspaceSize,54000000000,2019-06-04T06:44:33.536502Z
cudnnConvolutionForward,68000000000,2019-06-04T06:44:33.53657Z
cudnnAddTensor,108000000000,2019-06-04T06:44:33.536678Z
cudnnSetTensor4dDescriptor,91000000000,2019-06-04T06:44:33.536769Z
cudnnSetTensor4dDescriptorEx,31000000000,2019-06-04T06:44:33.5368Z
cudnnSetTensor4dDescriptor,24000000000,2019-06-04T06:44:33.536824Z
cudnnSetTensor4dDescriptorEx,32000000000,2019-06-04T06:44:33.536856Z
cudnnSetPooling2dDescriptor,26000000000,2019-06-04T06:44:33.536882Z
cudnnSetPoolingNdDescriptor,24000000000,2019-06-04T06:44:33.536906Z
cudnnPoolingForward,45000000000,2019-06-04T06:44:33.536951Z
cudnnGetConvolutionBackwardDataWorkspaceSize,82000000000,2019-06-04T06:44:33.537033Z
cudnnGetConvolutionBackwardFilterWorkspaceSize,63000000000,2019-06-04T06:44:33.537096Z
cudnnGetConvolutionForwardWorkspaceSize,53000000000,2019-06-04T06:44:33.537149Z
cudnnConvolutionForward,66000000000,2019-06-04T06:44:33.537215Z
cudnnAddTensor,81000000000,2019-06-04T06:44:33.537296Z
cudnnGetConvolutionBackwardDataWorkspaceSize,95000000000,2019-06-04T06:44:33.537391Z
cudnnGetConvolutionBackwardFilterWorkspaceSize,65000000000,2019-06-04T06:44:33.537456Z
cudnnGetConvolutionForwardWorkspaceSize,54000000000,2019-06-04T06:44:33.53751Z
cudnnConvolutionForward,60000000000,2019-06-04T06:44:33.53757Z
cudnnAddTensor,137000000000,2019-06-04T06:44:33.537707Z
cudnnGetConvolutionBackwardDataWorkspaceSize,106000000000,2019-06-04T06:44:33.537813Z
cudnnGetConvolutionBackwardFilterWorkspaceSize,65000000000,2019-06-04T06:44:33.537878Z
cudnnGetConvolutionForwardWorkspaceSize,55000000000,2019-06-04T06:44:33.537933Z
cudnnConvolutionForward,61000000000,2019-06-04T06:44:33.537994Z
cudnnAddTensor,116000000000,2019-06-04T06:44:33.53811Z
cudnnSetTensor4dDescriptor,72000000000,2019-06-04T06:44:33.538182Z
cudnnSetTensor4dDescriptorEx,31000000000,2019-06-04T06:44:33.538213Z
cudnnSetTensor4dDescriptor,24000000000,2019-06-04T06:44:33.538237Z
cudnnSetTensor4dDescriptorEx,24000000000,2019-06-04T06:44:33.538261Z
cudnnSetPooling2dDescriptor,36000000000,2019-06-04T06:44:33.538297Z
cudnnSetPoolingNdDescriptor,25000000000,2019-06-04T06:44:33.538322Z
cudnnPoolingForward,45000000000,2019-06-04T06:44:33.538367Z
cudnnGetConvolutionBackwardDataWorkspaceSize,3557000000000,2019-06-04T06:44:33.541924Z
cudnnGetConvolutionBackwardFilterWorkspaceSize,96000000000,2019-06-04T06:44:33.54202Z
cudnnGetConvolutionForwardWorkspaceSize,66000000000,2019-06-04T06:44:33.542086Z
cudnnConvolutionForward,74000000000,2019-06-04T06:44:33.54216Z
cudnnAddTensor,106000000000,2019-06-04T06:44:33.542266Z
cudnnSetTensor4dDescriptor,109000000000,2019-06-04T06:44:33.542375Z
cudnnSetTensor4dDescriptorEx,37000000000,2019-06-04T06:44:33.542412Z
cudnnSetTensor4dDescriptor,26000000000,2019-06-04T06:44:33.542438Z
cudnnSetTensor4dDescriptorEx,27000000000,2019-06-04T06:44:33.542465Z
cudnnSetPooling2dDescriptor,36000000000,2019-06-04T06:44:33.542501Z
cudnnSetPoolingNdDescriptor,28000000000,2019-06-04T06:44:33.542529Z
cudnnPoolingForward,52000000000,2019-06-04T06:44:33.542581Z
cudnnGetConvolutionBackwardDataWorkspaceSize,95000000000,2019-06-04T06:44:33.542676Z
cudnnGetConvolutionBackwardFilterWorkspaceSize,75000000000,2019-06-04T06:44:33.542751Z
cudnnGetConvolutionForwardWorkspaceSize,61000000000,2019-06-04T06:44:33.542812Z
cudnnConvolutionForward,71000000000,2019-06-04T06:44:33.542883Z
cudnnAddTensor,132000000000,2019-06-04T06:44:33.543015Z
cudnnSetTensor4dDescriptor,101000000000,2019-06-04T06:44:33.543116Z
cudnnSetTensor4dDescriptorEx,34000000000,2019-06-04T06:44:33.54315Z
cudnnSetTensor4dDescriptor,26000000000,2019-06-04T06:44:33.543176Z
cudnnSetTensor4dDescriptorEx,27000000000,2019-06-04T06:44:33.543203Z
cudnnSetPooling2dDescriptor,35000000000,2019-06-04T06:44:33.543238Z
cudnnSetPoolingNdDescriptor,28000000000,2019-06-04T06:44:33.543266Z
cudnnPoolingForward,51000000000,2019-06-04T06:44:33.543317Z
cudnnGetConvolutionBackwardDataWorkspaceSize,91000000000,2019-06-04T06:44:33.543408Z
cudnnGetConvolutionBackwardFilterWorkspaceSize,67000000000,2019-06-04T06:44:33.543475Z
cudnnGetConvolutionForwardWorkspaceSize,67000000000,2019-06-04T06:44:33.543542Z
cudnnConvolutionForward,70000000000,2019-06-04T06:44:33.543612Z
cudnnAddTensor,96000000000,2019-06-04T06:44:33.543708Z
cudnnGetConvolutionBackwardDataWorkspaceSize,108000000000,2019-06-04T06:44:33.543816Z
cudnnGetConvolutionBackwardFilterWorkspaceSize,68000000000,2019-06-04T06:44:33.543884Z
cudnnGetConvolutionForwardWorkspaceSize,69000000000,2019-06-04T06:44:33.543953Z
cudnnConvolutionForward,70000000000,2019-06-04T06:44:33.544023Z
cudnnAddTensor,122000000000,2019-06-04T06:44:33.544145Z
cudnnGetConvolutionBackwardDataWorkspaceSize,116000000000,2019-06-04T06:44:33.544261Z
cudnnGetConvolutionBackwardFilterWorkspaceSize,68000000000,2019-06-04T06:44:33.544329Z
cudnnGetConvolutionForwardWorkspaceSize,69000000000,2019-06-04T06:44:33.544398Z
cudnnConvolutionForward,70000000000,2019-06-04T06:44:33.544468Z
cudnnAddTensor,121000000000,2019-06-04T06:44:33.544589Z
cudnnSetTensor4dDescriptor,83000000000,2019-06-04T06:44:33.544672Z
cudnnSetTensor4dDescriptorEx,34000000000,2019-06-04T06:44:33.544706Z
cudnnSetTensor4dDescriptor,26000000000,2019-06-04T06:44:33.544732Z
cudnnSetTensor4dDescriptorEx,26000000000,2019-06-04T06:44:33.544758Z
cudnnSetPooling2dDescriptor,28000000000,2019-06-04T06:44:33.544786Z
cudnnSetPoolingNdDescriptor,27000000000,2019-06-04T06:44:33.544813Z
cudnnPoolingForward,58000000000,2019-06-04T06:44:33.544871Z
cudnnGetConvolutionBackwardDataWorkspaceSize,3494000000000,2019-06-04T06:44:33.548365Z
cudnnGetConvolutionBackwardFilterWorkspaceSize,68000000000,2019-06-04T06:44:33.548433Z
cudnnGetConvolutionForwardWorkspaceSize,61000000000,2019-06-04T06:44:33.548494Z
cudnnConvolutionForward,60000000000,2019-06-04T06:44:33.548554Z
cudnnAddTensor,86000000000,2019-06-04T06:44:33.54864Z
cudnnSetTensor4dDescriptor,91000000000,2019-06-04T06:44:33.548731Z
cudnnSetTensor4dDescriptorEx,31000000000,2019-06-04T06:44:33.548762Z
cudnnSetTensor4dDescriptor,24000000000,2019-06-04T06:44:33.548786Z
cudnnSetTensor4dDescriptorEx,23000000000,2019-06-04T06:44:33.548809Z
cudnnSetPooling2dDescriptor,25000000000,2019-06-04T06:44:33.548834Z
cudnnSetPoolingNdDescriptor,24000000000,2019-06-04T06:44:33.548858Z
cudnnPoolingForward,49000000000,2019-06-04T06:44:33.548907Z
cudnnGetConvolutionBackwardDataWorkspaceSize,81000000000,2019-06-04T06:44:33.548988Z
cudnnGetConvolutionBackwardFilterWorkspaceSize,55000000000,2019-06-04T06:44:33.549043Z
cudnnGetConvolutionForwardWorkspaceSize,57000000000,2019-06-04T06:44:33.5491Z
cudnnConvolutionForward,59000000000,2019-06-04T06:44:33.549159Z
cudnnAddTensor,108000000000,2019-06-04T06:44:33.549267Z
cudnnSetTensor4dDescriptor,90000000000,2019-06-04T06:44:33.549357Z
cudnnSetTensor4dDescriptorEx,29000000000,2019-06-04T06:44:33.549386Z
cudnnSetTensor4dDescriptor,23000000000,2019-06-04T06:44:33.549409Z
cudnnSetTensor4dDescriptorEx,24000000000,2019-06-04T06:44:33.549433Z
cudnnSetPooling2dDescriptor,24000000000,2019-06-04T06:44:33.549457Z
cudnnSetPoolingNdDescriptor,21000000000,2019-06-04T06:44:33.549478Z
cudnnPoolingForward,48000000000,2019-06-04T06:44:33.549526Z
cudnnGetConvolutionBackwardDataWorkspaceSize,78000000000,2019-06-04T06:44:33.549604Z
cudnnGetConvolutionBackwardFilterWorkspaceSize,54000000000,2019-06-04T06:44:33.549658Z
cudnnGetConvolutionForwardWorkspaceSize,80000000000,2019-06-04T06:44:33.549738Z
cudnnConvolutionForward,63000000000,2019-06-04T06:44:33.549801Z
cudnnAddTensor,86000000000,2019-06-04T06:44:33.549887Z
cudnnGetConvolutionBackwardDataWorkspaceSize,93000000000,2019-06-04T06:44:33.54998Z
cudnnGetConvolutionBackwardFilterWorkspaceSize,55000000000,2019-06-04T06:44:33.550035Z
cudnnGetConvolutionForwardWorkspaceSize,57000000000,2019-06-04T06:44:33.550092Z
cudnnConvolutionForward,57000000000,2019-06-04T06:44:33.550149Z
cudnnAddTensor,108000000000,2019-06-04T06:44:33.550257Z
cudnnGetConvolutionBackwardDataWorkspaceSize,93000000000,2019-06-04T06:44:33.55035Z
cudnnGetConvolutionBackwardFilterWorkspaceSize,54000000000,2019-06-04T06:44:33.550404Z
cudnnGetConvolutionForwardWorkspaceSize,57000000000,2019-06-04T06:44:33.550461Z
cudnnConvolutionForward,57000000000,2019-06-04T06:44:33.550518Z
cudnnAddTensor,106000000000,2019-06-04T06:44:33.550624Z
cudnnSetTensor4dDescriptor,78000000000,2019-06-04T06:44:33.550702Z
cudnnSetTensor4dDescriptorEx,30000000000,2019-06-04T06:44:33.550732Z
cudnnSetTensor4dDescriptor,23000000000,2019-06-04T06:44:33.550755Z
cudnnSetTensor4dDescriptorEx,23000000000,2019-06-04T06:44:33.550778Z
cudnnSetPooling2dDescriptor,22000000000,2019-06-04T06:44:33.5508Z
cudnnSetPoolingNdDescriptor,23000000000,2019-06-04T06:44:33.550823Z
cudnnPoolingForward,41000000000,2019-06-04T06:44:33.550864Z
cudnnGetConvolutionBackwardDataWorkspaceSize,3222000000000,2019-06-04T06:44:33.554086Z
cudnnGetConvolutionBackwardFilterWorkspaceSize,88000000000,2019-06-04T06:44:33.554174Z
cudnnGetConvolutionForwardWorkspaceSize,83000000000,2019-06-04T06:44:33.554257Z
cudnnConvolutionForward,77000000000,2019-06-04T06:44:33.554334Z
cudnnAddTensor,99000000000,2019-06-04T06:44:33.554433Z
cudnnSetTensor4dDescriptor,115000000000,2019-06-04T06:44:33.554548Z
cudnnSetTensor4dDescriptorEx,36000000000,2019-06-04T06:44:33.554584Z
cudnnSetTensor4dDescriptor,27000000000,2019-06-04T06:44:33.554611Z
cudnnSetTensor4dDescriptorEx,27000000000,2019-06-04T06:44:33.554638Z
cudnnSetPooling2dDescriptor,28000000000,2019-06-04T06:44:33.554666Z
cudnnSetPoolingNdDescriptor,27000000000,2019-06-04T06:44:33.554693Z
cudnnPoolingForward,52000000000,2019-06-04T06:44:33.554745Z
cudnnGetConvolutionBackwardDataWorkspaceSize,101000000000,2019-06-04T06:44:33.554846Z
cudnnGetConvolutionBackwardFilterWorkspaceSize,68000000000,2019-06-04T06:44:33.554914Z
cudnnGetConvolutionForwardWorkspaceSize,69000000000,2019-06-04T06:44:33.554983Z
cudnnConvolutionForward,72000000000,2019-06-04T06:44:33.555055Z
cudnnAddTensor,115000000000,2019-06-04T06:44:33.55517Z
cudnnSetTensor4dDescriptor,107000000000,2019-06-04T06:44:33.555277Z
cudnnSetTensor4dDescriptorEx,36000000000,2019-06-04T06:44:33.555313Z
cudnnSetTensor4dDescriptor,26000000000,2019-06-04T06:44:33.555339Z
cudnnSetTensor4dDescriptorEx,25000000000,2019-06-04T06:44:33.555364Z
cudnnSetPooling2dDescriptor,28000000000,2019-06-04T06:44:33.555392Z
cudnnSetPoolingNdDescriptor,27000000000,2019-06-04T06:44:33.555419Z
cudnnPoolingForward,51000000000,2019-06-04T06:44:33.55547Z
cudnnGetConvolutionBackwardDataWorkspaceSize,100000000000,2019-06-04T06:44:33.55557Z
cudnnGetConvolutionBackwardFilterWorkspaceSize,66000000000,2019-06-04T06:44:33.555636Z
cudnnGetConvolutionForwardWorkspaceSize,67000000000,2019-06-04T06:44:33.555703Z
cudnnConvolutionForward,71000000000,2019-06-04T06:44:33.555774Z
cudnnAddTensor,90000000000,2019-06-04T06:44:33.555864Z
cudnnGetConvolutionBackwardDataWorkspaceSize,117000000000,2019-06-04T06:44:33.555981Z
cudnnGetConvolutionBackwardFilterWorkspaceSize,69000000000,2019-06-04T06:44:33.55605Z
cudnnGetConvolutionForwardWorkspaceSize,61000000000,2019-06-04T06:44:33.556111Z
cudnnConvolutionForward,78000000000,2019-06-04T06:44:33.556189Z
cudnnAddTensor,121000000000,2019-06-04T06:44:33.55631Z
cudnnGetConvolutionBackwardDataWorkspaceSize,122000000000,2019-06-04T06:44:33.556432Z
cudnnGetConvolutionBackwardFilterWorkspaceSize,68000000000,2019-06-04T06:44:33.5565Z
cudnnGetConvolutionForwardWorkspaceSize,61000000000,2019-06-04T06:44:33.556561Z
cudnnConvolutionForward,77000000000,2019-06-04T06:44:33.556638Z
cudnnAddTensor,114000000000,2019-06-04T06:44:33.556752Z
cudnnSetTensor4dDescriptor,78000000000,2019-06-04T06:44:33.55683Z
cudnnSetTensor4dDescriptorEx,42000000000,2019-06-04T06:44:33.556872Z
cudnnSetTensor4dDescriptor,27000000000,2019-06-04T06:44:33.556899Z
cudnnSetTensor4dDescriptorEx,27000000000,2019-06-04T06:44:33.556926Z
cudnnSetPooling2dDescriptor,28000000000,2019-06-04T06:44:33.556954Z
cudnnSetPoolingNdDescriptor,25000000000,2019-06-04T06:44:33.556979Z
cudnnPoolingForward,51000000000,2019-06-04T06:44:33.55703Z
cudnnGetConvolutionBackwardDataWorkspaceSize,3492000000000,2019-06-04T06:44:33.560522Z
cudnnGetConvolutionBackwardFilterWorkspaceSize,70000000000,2019-06-04T06:44:33.560592Z
cudnnGetConvolutionForwardWorkspaceSize,51000000000,2019-06-04T06:44:33.560643Z
cudnnConvolutionForward,65000000000,2019-06-04T06:44:33.560708Z
cudnnAddTensor,82000000000,2019-06-04T06:44:33.56079Z
cudnnSetTensor4dDescriptor,88000000000,2019-06-04T06:44:33.560878Z
cudnnSetTensor4dDescriptorEx,37000000000,2019-06-04T06:44:33.560915Z
cudnnSetTensor4dDescriptor,22000000000,2019-06-04T06:44:33.560937Z
cudnnSetTensor4dDescriptorEx,22000000000,2019-06-04T06:44:33.560959Z
cudnnSetPooling2dDescriptor,21000000000,2019-06-04T06:44:33.56098Z
cudnnSetPoolingNdDescriptor,21000000000,2019-06-04T06:44:33.561001Z
cudnnPoolingForward,40000000000,2019-06-04T06:44:33.561041Z
cudnnGetConvolutionBackwardDataWorkspaceSize,82000000000,2019-06-04T06:44:33.561123Z
cudnnGetConvolutionBackwardFilterWorkspaceSize,54000000000,2019-06-04T06:44:33.561177Z
cudnnGetConvolutionForwardWorkspaceSize,47000000000,2019-06-04T06:44:33.561224Z
cudnnConvolutionForward,61000000000,2019-06-04T06:44:33.561285Z
cudnnAddTensor,100000000000,2019-06-04T06:44:33.561385Z
cudnnSetTensor4dDescriptor,83000000000,2019-06-04T06:44:33.561468Z
cudnnSetTensor4dDescriptorEx,36000000000,2019-06-04T06:44:33.561504Z
cudnnSetTensor4dDescriptor,21000000000,2019-06-04T06:44:33.561525Z
cudnnSetTensor4dDescriptorEx,22000000000,2019-06-04T06:44:33.561547Z
cudnnSetPooling2dDescriptor,22000000000,2019-06-04T06:44:33.561569Z
cudnnSetPoolingNdDescriptor,21000000000,2019-06-04T06:44:33.56159Z
cudnnPoolingForward,39000000000,2019-06-04T06:44:33.561629Z
cudnnGetConvolutionBackwardDataWorkspaceSize,98000000000,2019-06-04T06:44:33.561727Z
cudnnGetConvolutionBackwardFilterWorkspaceSize,61000000000,2019-06-04T06:44:33.561788Z
cudnnGetConvolutionForwardWorkspaceSize,47000000000,2019-06-04T06:44:33.561835Z
cudnnConvolutionForward,59000000000,2019-06-04T06:44:33.561894Z
cudnnAddTensor,75000000000,2019-06-04T06:44:33.561969Z
cudnnGetConvolutionBackwardDataWorkspaceSize,89000000000,2019-06-04T06:44:33.562058Z
cudnnGetConvolutionBackwardFilterWorkspaceSize,58000000000,2019-06-04T06:44:33.562116Z
cudnnGetConvolutionForwardWorkspaceSize,47000000000,2019-06-04T06:44:33.562163Z
cudnnConvolutionForward,60000000000,2019-06-04T06:44:33.562223Z
cudnnAddTensor,101000000000,2019-06-04T06:44:33.562324Z
cudnnGetConvolutionBackwardDataWorkspaceSize,89000000000,2019-06-04T06:44:33.562413Z
cudnnGetConvolutionBackwardFilterWorkspaceSize,58000000000,2019-06-04T06:44:33.562471Z
cudnnGetConvolutionForwardWorkspaceSize,47000000000,2019-06-04T06:44:33.562518Z
cudnnConvolutionForward,57000000000,2019-06-04T06:44:33.562575Z
cudnnAddTensor,95000000000,2019-06-04T06:44:33.56267Z
cudnnSetTensor4dDescriptor,67000000000,2019-06-04T06:44:33.562737Z
cudnnSetTensor4dDescriptorEx,27000000000,2019-06-04T06:44:33.562764Z
cudnnSetTensor4dDescriptor,27000000000,2019-06-04T06:44:33.562791Z
cudnnSetTensor4dDescriptorEx,22000000000,2019-06-04T06:44:33.562813Z
cudnnSetPooling2dDescriptor,22000000000,2019-06-04T06:44:33.562835Z
cudnnSetPoolingNdDescriptor,21000000000,2019-06-04T06:44:33.562856Z
cudnnPoolingForward,38000000000,2019-06-04T06:44:33.562894Z
cudnnGetConvolutionBackwardDataWorkspaceSize,3143000000000,2019-06-04T06:44:33.566037Z
cudnnGetConvolutionBackwardFilterWorkspaceSize,71000000000,2019-06-04T06:44:33.566108Z
cudnnGetConvolutionForwardWorkspaceSize,51000000000,2019-06-04T06:44:33.566159Z
cudnnConvolutionForward,62000000000,2019-06-04T06:44:33.566221Z
cudnnAddTensor,76000000000,2019-06-04T06:44:33.566297Z
cudnnSetTensor4dDescriptor,87000000000,2019-06-04T06:44:33.566384Z
cudnnSetTensor4dDescriptorEx,28000000000,2019-06-04T06:44:33.566412Z
cudnnSetTensor4dDescriptor,22000000000,2019-06-04T06:44:33.566434Z
cudnnSetTensor4dDescriptorEx,29000000000,2019-06-04T06:44:33.566463Z
cudnnSetPooling2dDescriptor,24000000000,2019-06-04T06:44:33.566487Z
cudnnSetPoolingNdDescriptor,21000000000,2019-06-04T06:44:33.566508Z
cudnnPoolingForward,40000000000,2019-06-04T06:44:33.566548Z
cudnnGetConvolutionBackwardDataWorkspaceSize,76000000000,2019-06-04T06:44:33.566624Z
cudnnGetConvolutionBackwardFilterWorkspaceSize,59000000000,2019-06-04T06:44:33.566683Z
cudnnGetConvolutionForwardWorkspaceSize,49000000000,2019-06-04T06:44:33.566732Z
cudnnConvolutionForward,60000000000,2019-06-04T06:44:33.566792Z
cudnnAddTensor,100000000000,2019-06-04T06:44:33.566892Z
cudnnSetTensor4dDescriptor,85000000000,2019-06-04T06:44:33.566977Z
cudnnSetTensor4dDescriptorEx,29000000000,2019-06-04T06:44:33.567006Z
cudnnSetTensor4dDescriptor,22000000000,2019-06-04T06:44:33.567028Z
cudnnSetTensor4dDescriptorEx,29000000000,2019-06-04T06:44:33.567057Z
cudnnSetPooling2dDescriptor,24000000000,2019-06-04T06:44:33.567081Z
cudnnSetPoolingNdDescriptor,21000000000,2019-06-04T06:44:33.567102Z
cudnnPoolingForward,39000000000,2019-06-04T06:44:33.567141Z
cudnnGetConvolutionBackwardDataWorkspaceSize,74000000000,2019-06-04T06:44:33.567215Z
cudnnGetConvolutionBackwardFilterWorkspaceSize,61000000000,2019-06-04T06:44:33.567276Z
cudnnGetConvolutionForwardWorkspaceSize,47000000000,2019-06-04T06:44:33.567323Z
cudnnConvolutionForward,59000000000,2019-06-04T06:44:33.567382Z
cudnnAddTensor,75000000000,2019-06-04T06:44:33.567457Z
cudnnGetConvolutionBackwardDataWorkspaceSize,93000000000,2019-06-04T06:44:33.56755Z
cudnnGetConvolutionBackwardFilterWorkspaceSize,62000000000,2019-06-04T06:44:33.567612Z
cudnnGetConvolutionForwardWorkspaceSize,49000000000,2019-06-04T06:44:33.567661Z
cudnnConvolutionForward,54000000000,2019-06-04T06:44:33.567715Z
cudnnAddTensor,105000000000,2019-06-04T06:44:33.56782Z
cudnnGetConvolutionBackwardDataWorkspaceSize,90000000000,2019-06-04T06:44:33.56791Z
cudnnGetConvolutionBackwardFilterWorkspaceSize,59000000000,2019-06-04T06:44:33.567969Z
cudnnGetConvolutionForwardWorkspaceSize,48000000000,2019-06-04T06:44:33.568017Z
cudnnConvolutionForward,55000000000,2019-06-04T06:44:33.568072Z
cudnnAddTensor,101000000000,2019-06-04T06:44:33.568173Z
cudnnSetTensor4dDescriptor,66000000000,2019-06-04T06:44:33.568239Z
cudnnSetTensor4dDescriptorEx,28000000000,2019-06-04T06:44:33.568267Z
cudnnSetTensor4dDescriptor,21000000000,2019-06-04T06:44:33.568288Z
cudnnSetTensor4dDescriptorEx,21000000000,2019-06-04T06:44:33.568309Z
cudnnSetPooling2dDescriptor,30000000000,2019-06-04T06:44:33.568339Z
cudnnSetPoolingNdDescriptor,22000000000,2019-06-04T06:44:33.568361Z
cudnnPoolingForward,39000000000,2019-06-04T06:44:33.5684Z
cudnnGetConvolutionBackwardDataWorkspaceSize,3108000000000,2019-06-04T06:44:33.571508Z
cudnnGetConvolutionBackwardFilterWorkspaceSize,78000000000,2019-06-04T06:44:33.571586Z
cudnnGetConvolutionForwardWorkspaceSize,58000000000,2019-06-04T06:44:33.571644Z
cudnnConvolutionForward,63000000000,2019-06-04T06:44:33.571707Z
cudnnAddTensor,87000000000,2019-06-04T06:44:33.571794Z
cudnnSetTensor4dDescriptor,94000000000,2019-06-04T06:44:33.571888Z
cudnnSetTensor4dDescriptorEx,31000000000,2019-06-04T06:44:33.571919Z
cudnnSetTensor4dDescriptor,25000000000,2019-06-04T06:44:33.571944Z
cudnnSetTensor4dDescriptorEx,24000000000,2019-06-04T06:44:33.571968Z
cudnnSetPooling2dDescriptor,33000000000,2019-06-04T06:44:33.572001Z
cudnnSetPoolingNdDescriptor,26000000000,2019-06-04T06:44:33.572027Z
cudnnPoolingForward,44000000000,2019-06-04T06:44:33.572071Z
cudnnGetConvolutionBackwardDataWorkspaceSize,82000000000,2019-06-04T06:44:33.572153Z
cudnnGetConvolutionBackwardFilterWorkspaceSize,64000000000,2019-06-04T06:44:33.572217Z
cudnnGetConvolutionForwardWorkspaceSize,54000000000,2019-06-04T06:44:33.572271Z
cudnnConvolutionForward,60000000000,2019-06-04T06:44:33.572331Z
cudnnAddTensor,110000000000,2019-06-04T06:44:33.572441Z
cudnnSetTensor4dDescriptor,90000000000,2019-06-04T06:44:33.572531Z
cudnnSetTensor4dDescriptorEx,31000000000,2019-06-04T06:44:33.572562Z
cudnnSetTensor4dDescriptor,24000000000,2019-06-04T06:44:33.572586Z
cudnnSetTensor4dDescriptorEx,24000000000,2019-06-04T06:44:33.57261Z
cudnnSetPooling2dDescriptor,33000000000,2019-06-04T06:44:33.572643Z
cudnnSetPoolingNdDescriptor,25000000000,2019-06-04T06:44:33.572668Z
cudnnPoolingForward,45000000000,2019-06-04T06:44:33.572713Z
cudnnGetConvolutionBackwardDataWorkspaceSize,80000000000,2019-06-04T06:44:33.572793Z
cudnnGetConvolutionBackwardFilterWorkspaceSize,56000000000,2019-06-04T06:44:33.572849Z
cudnnGetConvolutionForwardWorkspaceSize,59000000000,2019-06-04T06:44:33.572908Z
cudnnConvolutionForward,60000000000,2019-06-04T06:44:33.572968Z
cudnnAddTensor,85000000000,2019-06-04T06:44:33.573053Z
cudnnGetConvolutionBackwardDataWorkspaceSize,97000000000,2019-06-04T06:44:33.57315Z
cudnnGetConvolutionBackwardFilterWorkspaceSize,57000000000,2019-06-04T06:44:33.573207Z
cudnnGetConvolutionForwardWorkspaceSize,61000000000,2019-06-04T06:44:33.573268Z
cudnnConvolutionForward,60000000000,2019-06-04T06:44:33.573328Z
cudnnAddTensor,113000000000,2019-06-04T06:44:33.573441Z
cudnnGetConvolutionBackwardDataWorkspaceSize,96000000000,2019-06-04T06:44:33.573537Z
cudnnGetConvolutionBackwardFilterWorkspaceSize,56000000000,2019-06-04T06:44:33.573593Z
cudnnGetConvolutionForwardWorkspaceSize,60000000000,2019-06-04T06:44:33.573653Z
cudnnConvolutionForward,84000000000,2019-06-04T06:44:33.573737Z
cudnnAddTensor,117000000000,2019-06-04T06:44:33.573854Z
cudnnSetTensor4dDescriptor,71000000000,2019-06-04T06:44:33.573925Z
cudnnSetTensor4dDescriptorEx,30000000000,2019-06-04T06:44:33.573955Z
cudnnSetTensor4dDescriptor,24000000000,2019-06-04T06:44:33.573979Z
cudnnSetTensor4dDescriptorEx,24000000000,2019-06-04T06:44:33.574003Z
cudnnSetPooling2dDescriptor,25000000000,2019-06-04T06:44:33.574028Z
cudnnSetPoolingNdDescriptor,25000000000,2019-06-04T06:44:33.574053Z
cudnnPoolingForward,51000000000,2019-06-04T06:44:33.574104Z
cudnnGetConvolutionBackwardDataWorkspaceSize,3513000000000,2019-06-04T06:44:33.577617Z
cudnnGetConvolutionBackwardFilterWorkspaceSize,64000000000,2019-06-04T06:44:33.577681Z
cudnnGetConvolutionForwardWorkspaceSize,84000000000,2019-06-04T06:44:33.577765Z
cudnnConvolutionForward,61000000000,2019-06-04T06:44:33.577826Z
cudnnAddTensor,87000000000,2019-06-04T06:44:33.577913Z
cudnnSetTensor4dDescriptor,90000000000,2019-06-04T06:44:33.578003Z
cudnnSetTensor4dDescriptorEx,30000000000,2019-06-04T06:44:33.578033Z
cudnnSetTensor4dDescriptor,23000000000,2019-06-04T06:44:33.578056Z
cudnnSetTensor4dDescriptorEx,22000000000,2019-06-04T06:44:33.578078Z
cudnnSetPooling2dDescriptor,22000000000,2019-06-04T06:44:33.5781Z
cudnnSetPoolingNdDescriptor,23000000000,2019-06-04T06:44:33.578123Z
cudnnPoolingForward,48000000000,2019-06-04T06:44:33.578171Z
cudnnGetConvolutionBackwardDataWorkspaceSize,81000000000,2019-06-04T06:44:33.578252Z
cudnnGetConvolutionBackwardFilterWorkspaceSize,54000000000,2019-06-04T06:44:33.578306Z
cudnnGetConvolutionForwardWorkspaceSize,56000000000,2019-06-04T06:44:33.578362Z
cudnnConvolutionForward,57000000000,2019-06-04T06:44:33.578419Z
cudnnAddTensor,107000000000,2019-06-04T06:44:33.578526Z
cudnnSetTensor4dDescriptor,89000000000,2019-06-04T06:44:33.578615Z
cudnnSetTensor4dDescriptorEx,29000000000,2019-06-04T06:44:33.578644Z
cudnnSetTensor4dDescriptor,22000000000,2019-06-04T06:44:33.578666Z
cudnnSetTensor4dDescriptorEx,22000000000,2019-06-04T06:44:33.578688Z
cudnnSetPooling2dDescriptor,24000000000,2019-06-04T06:44:33.578712Z
cudnnSetPoolingNdDescriptor,22000000000,2019-06-04T06:44:33.578734Z
cudnnPoolingForward,48000000000,2019-06-04T06:44:33.578782Z
cudnnGetConvolutionBackwardDataWorkspaceSize,78000000000,2019-06-04T06:44:33.57886Z
cudnnGetConvolutionBackwardFilterWorkspaceSize,54000000000,2019-06-04T06:44:33.578914Z
cudnnGetConvolutionForwardWorkspaceSize,54000000000,2019-06-04T06:44:33.578968Z
cudnnConvolutionForward,57000000000,2019-06-04T06:44:33.579025Z
cudnnAddTensor,81000000000,2019-06-04T06:44:33.579106Z
cudnnGetConvolutionBackwardDataWorkspaceSize,92000000000,2019-06-04T06:44:33.579198Z
cudnnGetConvolutionBackwardFilterWorkspaceSize,54000000000,2019-06-04T06:44:33.579252Z
cudnnGetConvolutionForwardWorkspaceSize,55000000000,2019-06-04T06:44:33.579307Z
cudnnConvolutionForward,57000000000,2019-06-04T06:44:33.579364Z
cudnnAddTensor,110000000000,2019-06-04T06:44:33.579474Z
cudnnGetConvolutionBackwardDataWorkspaceSize,92000000000,2019-06-04T06:44:33.579566Z
cudnnGetConvolutionBackwardFilterWorkspaceSize,53000000000,2019-06-04T06:44:33.579619Z
cudnnGetConvolutionForwardWorkspaceSize,57000000000,2019-06-04T06:44:33.579676Z
cudnnConvolutionForward,57000000000,2019-06-04T06:44:33.579733Z
cudnnAddTensor,101000000000,2019-06-04T06:44:33.579834Z
cudnnSetTensor4dDescriptor,76000000000,2019-06-04T06:44:33.57991Z
cudnnSetTensor4dDescriptorEx,29000000000,2019-06-04T06:44:33.579939Z
cudnnSetTensor4dDescriptor,22000000000,2019-06-04T06:44:33.579961Z
cudnnSetTensor4dDescriptorEx,22000000000,2019-06-04T06:44:33.579983Z
cudnnSetPooling2dDescriptor,24000000000,2019-06-04T06:44:33.580007Z
cudnnSetPoolingNdDescriptor,22000000000,2019-06-04T06:44:33.580029Z
cudnnPoolingForward,41000000000,2019-06-04T06:44:33.58007Z
cudnnDestroyTensorDescriptor,144856000000000,2019-06-04T06:44:33.724926Z
cudnnDestroyTensorDescriptor,73000000000,2019-06-04T06:44:33.724999Z
cudnnDestroyPoolingDescriptor,24000000000,2019-06-04T06:44:33.725023Z
cudnnDestroyTensorDescriptor,23000000000,2019-06-04T06:44:33.725046Z
cudnnDestroyTensorDescriptor,37000000000,2019-06-04T06:44:33.725083Z
cudnnDestroyTensorDescriptor,23000000000,2019-06-04T06:44:33.725106Z
cudnnDestroyTensorDescriptor,9000000000,2019-06-04T06:44:33.725115Z
cudnnDestroyTensorDescriptor,81000000000,2019-06-04T06:44:33.725196Z
cudnnDestroyFilterDescriptor,18000000000,2019-06-04T06:44:33.725214Z
cudnnDestroyPoolingDescriptor,6000000000,2019-06-04T06:44:33.72522Z
cudnnDestroyConvolutionDescriptor,14000000000,2019-06-04T06:44:33.725234Z
cudnnDestroyTensorDescriptor,7000000000,2019-06-04T06:44:33.725241Z
cudnnDestroyConvolutionDescriptor,11000000000,2019-06-04T06:44:33.725252Z
cudnnDestroyTensorDescriptor,6000000000,2019-06-04T06:44:33.725258Z
cudnnDestroyConvolutionDescriptor,11000000000,2019-06-04T06:44:33.725269Z
cudnnDestroyTensorDescriptor,6000000000,2019-06-04T06:44:33.725275Z
cudnnDestroyTensorDescriptor,13000000000,2019-06-04T06:44:33.725288Z
cudnnDestroyFilterDescriptor,4000000000,2019-06-04T06:44:33.725292Z
cudnnDestroyTensorDescriptor,50000000000,2019-06-04T06:44:33.725342Z
cudnnDestroyConvolutionDescriptor,16000000000,2019-06-04T06:44:33.725358Z
cudnnDestroyTensorDescriptor,5000000000,2019-06-04T06:44:33.725363Z
cudnnDestroyConvolutionDescriptor,15000000000,2019-06-04T06:44:33.725378Z
cudnnDestroyFilterDescriptor,6000000000,2019-06-04T06:44:33.725384Z
cudnnDestroyConvolutionDescriptor,11000000000,2019-06-04T06:44:33.725395Z
cudnnDestroyConvolutionDescriptor,6000000000,2019-06-04T06:44:33.725401Z
cudnnDestroyTensorDescriptor,12000000000,2019-06-04T06:44:33.725413Z
cudnnDestroyConvolutionDescriptor,5000000000,2019-06-04T06:44:33.725418Z
cudnnDestroyTensorDescriptor,12000000000,2019-06-04T06:44:33.72543Z
cudnnDestroyConvolutionDescriptor,5000000000,2019-06-04T06:44:33.725435Z
cudnnDestroyTensorDescriptor,10000000000,2019-06-04T06:44:33.725445Z
cudnnDestroyTensorDescriptor,8000000000,2019-06-04T06:44:33.725453Z
cudnnDestroyFilterDescriptor,9000000000,2019-06-04T06:44:33.725462Z
cudnnDestroyTensorDescriptor,8000000000,2019-06-04T06:44:33.72547Z
cudnnDestroyConvolutionDescriptor,8000000000,2019-06-04T06:44:33.725478Z
cudnnDestroyTensorDescriptor,8000000000,2019-06-04T06:44:33.725486Z
cudnnDestroyConvolutionDescriptor,8000000000,2019-06-04T06:44:33.725494Z
cudnnDestroyFilterDescriptor,9000000000,2019-06-04T06:44:33.725503Z
cudnnDestroyConvolutionDescriptor,7000000000,2019-06-04T06:44:33.72551Z
cudnnDestroyConvolutionDescriptor,25000000000,2019-06-04T06:44:33.725535Z
cudnnDestroyTensorDescriptor,24000000000,2019-06-04T06:44:33.725559Z
cudnnDestroyConvolutionDescriptor,16000000000,2019-06-04T06:44:33.725575Z
cudnnDestroyTensorDescriptor,5000000000,2019-06-04T06:44:33.72558Z
cudnnDestroyConvolutionDescriptor,24000000000,2019-06-04T06:44:33.725604Z
cudnnDestroyTensorDescriptor,24000000000,2019-06-04T06:44:33.725628Z
cudnnDestroyTensorDescriptor,26000000000,2019-06-04T06:44:33.725654Z
cudnnDestroyFilterDescriptor,13000000000,2019-06-04T06:44:33.725667Z
cudnnDestroyTensorDescriptor,5000000000,2019-06-04T06:44:33.725672Z
cudnnDestroyConvolutionDescriptor,11000000000,2019-06-04T06:44:33.725683Z
cudnnDestroyTensorDescriptor,26000000000,2019-06-04T06:44:33.725709Z
cudnnDestroyConvolutionDescriptor,35000000000,2019-06-04T06:44:33.725744Z
cudnnDestroyFilterDescriptor,12000000000,2019-06-04T06:44:33.725756Z
cudnnDestroyConvolutionDescriptor,6000000000,2019-06-04T06:44:33.725762Z
cudnnDestroyConvolutionDescriptor,11000000000,2019-06-04T06:44:33.725773Z
cudnnDestroyTensorDescriptor,6000000000,2019-06-04T06:44:33.725779Z
cudnnDestroyConvolutionDescriptor,11000000000,2019-06-04T06:44:33.72579Z
cudnnDestroyTensorDescriptor,4000000000,2019-06-04T06:44:33.725794Z
cudnnDestroyConvolutionDescriptor,25000000000,2019-06-04T06:44:33.725819Z
cudnnDestroyTensorDescriptor,25000000000,2019-06-04T06:44:33.725844Z
cudnnDestroyTensorDescriptor,24000000000,2019-06-04T06:44:33.725868Z
cudnnDestroyFilterDescriptor,30000000000,2019-06-04T06:44:33.725898Z
cudnnDestroyTensorDescriptor,14000000000,2019-06-04T06:44:33.725912Z
cudnnDestroyConvolutionDescriptor,5000000000,2019-06-04T06:44:33.725917Z
cudnnDestroyTensorDescriptor,24000000000,2019-06-04T06:44:33.725941Z
cudnnDestroyConvolutionDescriptor,25000000000,2019-06-04T06:44:33.725966Z
cudnnDestroyFilterDescriptor,25000000000,2019-06-04T06:44:33.725991Z
cudnnDestroyConvolutionDescriptor,12000000000,2019-06-04T06:44:33.726003Z
cudnnDestroyConvolutionDescriptor,5000000000,2019-06-04T06:44:33.726008Z
cudnnDestroyTensorDescriptor,12000000000,2019-06-04T06:44:33.72602Z
cudnnDestroyConvolutionDescriptor,5000000000,2019-06-04T06:44:33.726025Z
cudnnDestroyTensorDescriptor,12000000000,2019-06-04T06:44:33.726037Z
cudnnDestroyConvolutionDescriptor,6000000000,2019-06-04T06:44:33.726043Z
cudnnDestroyTensorDescriptor,11000000000,2019-06-04T06:44:33.726054Z
cudnnDestroyFilterDescriptor,15000000000,2019-06-04T06:44:33.726069Z
cudnnDestroyConvolutionDescriptor,16000000000,2019-06-04T06:44:33.726085Z
cudnnDestroyConvolutionDescriptor,15000000000,2019-06-04T06:44:33.7261Z
cudnnDestroyConvolutionDescriptor,21000000000,2019-06-04T06:44:33.726121Z
